nickname,time_ago,rating,content_txt
Rosie D,2h,2.5,"Total self-indulgence from the director. It’s the same old story wrapped in a 'fantasy' skin. Watching two mature souls role-play a conventional marriage in another dimension isn't 'new', it's exhausting. Can women in these movies ever just... exist without needing a man? Honestly, being stuck with the same person for eternity after already finishing a lifetime together isn't a romance, it’s a horror movie. Free us. 😅"
Mursal A,16h,5,Dare I say that it was better than the notebook and lala land
Joanna T,1d,5,"Loved this movie about what happens after you die. Interesting take: When you pass away & are sent to the afterlife, you physically become the age/appearance you were when you were happiest in life. In this world it is surprisingly corporate: there are diff eternities & they have salespeople who try to sell you the eternity. You can choose 1 eternity to live in but you cant reverse your decision: food world, museum world, beach world, mountain world, bromance world, workout world etc. Or you can stay in limbo if you can't decide if you get a job. Joan sees both of her past husbands in the afterlife: a young love who has waited 60 years in limbo for her & her most recent hubby of many years.She has to choose who to spend eternity with. At 1 point she goes w/ her girl friend, then chooses young love but realizes it's shallow & she can't forget memories of her entire life so she takes a risk, escapes & chooses latest hubby. They choose the eternity of the town they lived in: Oakdale world"
S W,1d,4,"I found this to be a decent romantic comedy. The acting was good, and I enjoyed the story about difficult choices."
Marissa P,1d,2.5,"An original concept with so much potential. Not bad, but sadly not nearly the love story or the depth I had hoped for."
Hailey H,2d,3,"Easy watch, fairly predictable and not especially noteworthy but still moderately enjoyable if you’re a fan of the genre"
Donn A,2d,2.5,great first few minutes but kinda lost steam.
thiago s,2d,0.5,"Filme fraco, o roteiro é fraco, as cenas são fracas, a história é fraca, o elenco é fraco, e ninguém ajuda a melhorar o filme, os personagens são fracos, e o filme deveria ter cenas bem melhores e relevantes, para fazer o filme ser bom"
Rosey R,2d,1,No-no-no!  Why does the premise of this movie result in a womans happiness depending on a man in their afterlife? What a boring afterlife premise. Not for me.
Jennifer M,3d,4,I thought this movie was very cute I really enjoyed it.
Angela C,3d,2,"No matter how cute or clever some of the jokes are, this movie is one of the most misogynistic mainstream pieces of modern media I have seen. I left the movie wondering why the leading lady would choose either man — and why the central question of an entire woman’s life is ""who will she end up with?!?!"" Even the choice framed as ""choosing herself"" had her following someone else into their afterlife, and even that choice didn’t stick. The ending is the worst part though, as she somehow picks the man that wore her down for the majority of her life (from what one can gather of their on screen interactions). This film seems to be trying to tell American women: settle for not less, settle for the least."
Shervin Y,3d,5,One of the most incredible movies I’ve ever watched. Hits everything you can feel from your heart to your spirit to your mind. Gives you newfound appreciation of life and love.
J,3d,1,"The most self centered character plot for what I think was supposed to be considered a happy ending?? Totally frustrating movie, ick."
Robin W,4d,2,"Made me so mad! She was annoying, and felt like she knew who to pick, but wanted the part she “missed out on”"
Chauntel M,4d,5,Absolutely loved it and cried like a baby.
Marc G,4d,4.5,"I absolutely LOVED this movie! What an unexpected surprise. Incredibly creative, beautifully filmed and wonderfully acted by the Leads and the supporting cast. I went through all the emotions. Funny, sweet, heartwarming and romantic. Definitely one of the better romantic comedies out there!"
Taylor R,4d,1.5,"Eternity felt unfinished and sloppy; the choice was obvious from the get-go, and Joan's character was insufferable. Ryan was insufferable; just be gay, bro. Joan also sounds like she ran a marathon every fucking scene because of her breathing like a dying racehorse. Anna was cool."
Eric E,5d,1,"I signed up to RT just so I could express my displeasure over this awful film. The writing is just boring and insulting, and I could see the bits they tried to copy from Defending Your Life, a great film. AppleTV makes some excellent series but when it comes to features most times they hit the wall. This film hit the cliffs of Dover."
Hector B,5d,2,"Poor would describe the dialogue, story, acting, and directing. Out of 10 it was 6 notches below Defending Your Life. It took the place of Marty Supreme as the worst movie I’ve this year."
Henry D,5d,3,"Surprised we didn't like it more. The concept is good, but the humor often didn't work and the ending was weak and drawn out. The high production value and appealing actors weren't enough to lift this above a 3."
Anthony H,6d,4.5,"This one really got me in the feels. This had me laughing, crying, and smiling. I had all the emotions. This is exactly what you want out of a movie like this. This film helps you reflect on your life and see if you’ve lived it the way you’ll be happy with when it’s all said and done."
Eli F,6d,4.5,"The way this film made me feel and think about death in a new and almost refreshing way compared to other movies shows what good acting, great writing, and a passionate team can accomplish! I highly recommend!"
L J,6d,3,Fun and interesting.
David A,Feb 17,5,They have pulled off the impossible!  A romantic comedy that's actually good!
Drew M,Feb 17,0.5,"Lazy, inconsistent, and a little hard to follow, it establishes an ironclad rule structure, I guess, and then breaks it for an unearned emotional payoff.  When tragedy has no consequences, the jokes about hell fall a little flat.  Who needs enlightenment when indecision is there for the taking?"
Lori L,Feb 17,2,"Because I like the actors and the premise, I decided to give it a try.  It didn’t hit with me.   And, honestly, I didn’t love the acting either.  It was all bad."
Clay S,Feb 17,5,Creative idea on the afterlife. Chemistry between all the actors was on point
Matthew C,Feb 17,4,"The movie made me laugh out loud a couple times. Good romantic movie, was worried it wouldn’t get to where it was going once she made her decision but nice way to tie it back together. Solid B movie."
Beanz,Feb 16,4.5,"I thought this movie was outstanding. Between the entire concept, down to the acting. It was just chef's kiss. Highly recommend!!!"
Nathaniel C,Feb 16,3,Bad directing. Story telling could have been better. Side characters needed more help. Dragged a bit
Kyal B,Feb 16,4.5,"Fun, original premise. Teller and Olsen were fantastic. Surprised this one just came and went"
Michél R,Feb 16,3.5,"Fresh take on an old premise with great visuals and cast. The movie is a charming ode to young love and long-term relationships, alike. Overall, well-done, though it didn't quite stick the landing, emotionally.

Expect to be entertained, though perhaps not overly inspired."
Victoria A,Feb 16,3.5,"Liked it, premise was very interesting and there was definitely good chemistry. Interesting exploration of different types of romantic love."
Tea N,Feb 16,0.5,"It's an interesting concept, but poorly thought out. Drags on for waaay too long (30 minutes longer than it should've been.) The ending is undeniably the worst part of the movie, expecting the viewers to ignore that one of the two husbands is essentially condemned to eternal loneliness."
John F,Feb 16,3.5,"An okay movie, largely thanks to Ms Olsen. She's stellar, and she had all the good lines. Overall, there weren't enough good lines, and the plot, and ending, are obvious. Worth watching. Once."
Lauren N,Feb 16,5,Perfect mix of funny and also serious/sad. I thought the story played out beautifully. Loved
Madman K,Feb 16,5,Very enjoyable and unique movie.
Drew M,Feb 15,4.5,"Was not expecting this to affect me as much as it did. My wife’s first fiancé died in Afghanistan so the parallels of my life and this film were there to heighten my experience with the film. I was even nervous to watch this because of that, but ended up making me feel more comfortable with that reality that is my relationship with my wife and her past. Thankfully the movie is really funny too and the acting was top notch from every one involved."
KC .,Feb 15,3,"Elizabeth Olsen tried to give Joan a measure of complexity, but her character was never given the depth or dimension this film needed to be truly special. The male leads were charming, and an exploration of their budding friendship would have been enjoyable. Sadly, the sweetness of the film was dampened by the writer/director’s lack of interest in Joan as a human being, separate from the men she shared her time with on earth."
Tim R,Feb 15,0.5,"The premise is so ridiculous.
I gave up about a 1/4 of the way through this terrible movie."
Robson C,Feb 15,3.5,"Quando alguém morre, chega a um limbo onde precisa escolher em qual mundo passará a eternidade. Joan, ao morrer, encontra seus dois maridos. O primeiro, morto na Guerra da Coreia, esperou por ela por mais de 60 anos. O segundo foi o companheiro com quem ela construiu uma vida longa e estável. Quem ela deve escolher? Hollywood parece ter redescoberto a comédia romântica: depois de Amores Materialistas, surge este filme, que funciona porque há química entre o trio central e coadjuvantes marcantes — Da’Vine Joy Randolph brilha sempre que aparece. A história provoca uma pergunta instigante: qual é o verdadeiro amor de Joan? O romance interrompido pela guerra, idealizado e eterno no imaginário, ou o amor vivido no cotidiano, feito de cuidado, parceria e constância? Cada espectador acaba escolhendo seu lado."
T R,Feb 15,4.5,Fun with twist right from the start! Interesting story writing; I was talking about the concepts and twist a couple of weeks after initially seeing this movie in the theater. Good story line for young adults and older!
Mike K,Feb 15,2.5,"Well.....the concept was interesting. The set up was excellent. Religious viewers might be a bit put off with this rendition of eternity and the afterlife. I have the feeling the writers of this movie are not very religious and didn't comprehend that some of this could be offensive to others. I would have enjoyed the movie more if it took a more serious tone to the subject. But that's just me. It kept my attention but it should/could have been much better. The leads were fine. The message...mixed at best. It falls into the category of ""I watched it..but probably wouldn't recommend it to anyone else.""."
Vicki S,Feb 14,3,Kept my interest for the most part but at times was plodding.
Cole M,Feb 14,5,"Elizabeth Olsen did a beautiful job playing a woman facing an incredibly difficult decision. The film does an excellent job of showcasing what Love truly is. It is not a moment, it's a series of moments, a chain of events that goes with you into Eternity. The film is fun, witty, emotional, and overall a great movie to watch with your spouse or partner."
Gosho F,Feb 14,0.5,"This film functions less as a drama and more as a parody of moral dignity. It relies on a clever, albeit disturbing, sleight of hand: it dehumanizes the two husbands to ensure the audience views Joan as the sole victim. The narrative manipulates us into ignoring the terrifying reality of the ending, that one of two human beings are condemned to eternal loneliness. Their only crime? Daring to remain loyal while alive. The directors ask us to celebrate Joan's journey, hoping we won't notice that it is built on the erasure of the men who loved her."
Bobby S,Feb 14,0.5,"This movie was so horrible I’ve gone 20 years without creating a rotten tomatoes account but this movie was so bad I wasted the time to create and account because this movie is just that 
horrible."
John B,Feb 14,4,"This is the kind of quirky, off-beat, romantic comedy that I like. The performances were great and really sell it. Great Valentine’s Day movie."
Kalissa H,Feb 14,5,"Loved it. It’s supposed to be about Joan’s choice not the afterlife concept, so keeping that in mind does make the experience better. John Early and Da’Vine Joy Randolph’s characters really added to it."
James T,Feb 13,4,Cute movie if somewhat predictable. Although i think the obvious choice was the man she had built a life with and had a family with. Her choosing the original husband at first didn't seem realistic. but still cute. Da'Vine joy was funny
Stephen R,Feb 13,2,"A very intriguing premise. The ending, was very appropriate. However, for a supposed comedy, the actors lacked comedic style."
Lauren T,Feb 13,5,I absolutely loved this movie!
Trevor A,Feb 12,1,Why is everyone rating this high. It's literally describing what the downfall of our relationship is. The fact that woman aren't happy with what they have until it's gone. Hense the cheating the always looking for something better. I find it sickening. These type of movies yes she figures it out at the end. But the fact she even had a thought and the fact she choose until she realizes what love is but it would of been to late for me. Never strive for someone where you are the 2nd choice. To me that's not love.
Marissa M,Feb 11,5,How is no one talking about this movie?
Ben W,Feb 10,3,"Not bad, not incredible. Great premise. There were some scenes that felt out of place and were a bit cringey. Overall decent."
Mandi S,Feb 10,5,"Loved it! Very cute 
1"
Connie J,Feb 10,4,"Sweet story that had me laughing and crying, it was relatable and imaginative.  Visually appealing and excellent cast."
Dre B,Feb 7,3.5,Very funny and good chemistry between Joan and Larry but I think some of the over comedy bits take away from me connecting on an emotional level with the characters so the ending kind of falls flat and is also a bit sudden? But overall a good and entertaining watch.
Noel L,Feb 2,4,This movie is Defending Your Life with a love triangle. What a sweet tale
Mikey K,Jan 28,3,"A solid concept and a delightful performance from Elizabeth Olsen just are not enough to get this film past the ""fine"" threshold. Too many ideas choked the ending and stretched a 90-minute rom-com into a two-hour mess. 60/100."
Ridwoan R,Jan 28,5,One of the greatest movies ever!
Peter F,Jan 28,3.5,Eternity was a pretty solid film. I feel like the subject matter was handled very well and it’s a very feel good story. Definitely worth a watch
Douglas E,Jan 27,5,"Both of them were part of Joan’s life, but her story with Larry feels deeper to me. One of the scenes I liked the most was when Joan explains to Luke the difference between youthful love and a more mature love, proven by time and the challenges of life. I loved the experience of watching this film."
Easy M,Jan 25,3,"An interesting idea, but the characters are one dimensional. Olsen spends most of the movie wide eyed and open mouthed, a single expression used for surprise, grief, confusion, and dismay. Her character's constant flip flopping between one choice and another becomes annoying, and the men come across as a bit stupid for putting up with it. It's not very funny, but it is romantic in a fairly shallow and predictable way."
Farah R,Jan 25,4,"Heartwarming, inventive, and deeply emotional, Eternity is a breath of fresh air for the genre. Anchored by the performances of a trio of talented actors, the movie plays out its interesting premise to its full potential. The well-developed characters and a wildly entertaining story are guaranteed to grip viewers from start to finish. I would say that the movie leans into emotional drama more than romantic comedy, so the humor is sparse, but it’s still great."
Tobias K,Jan 25,4,"At its heart, Eternity follows old romcom rules, but bends them by applying its fantastic concept - but not often enough. The further the characters, brought to life by a very charming cast, veer away from the simple search for love and towards the understanding of themselves, the more unique this film gets. There are some lengths, when the focus shifts away from the possibilities this world in between has to offer, but thankfully, beautiful and warm cinematography still give something to admire."
Paul,Jan 22,4,"One of the best movie I've seen in cinema this year! 

This movie is masterpiece. I've watched this in cinema alone, no one else but just me at the center of the cinema and it really did touched my heart in a way I can never explain. This movie was really funny, sweet, sad and heartfelt. The story, chemistry of the leads and supporting actors were so great in this movie. It was like I'm watching a movie that will literally age as fine wine. I did sobbed real bad at the train scene, I was literally crying watching that scene and I can't get over it. It was perfectly done like chef's kiss, this movie is something that you can watch once a year or every holiday season, or whenever you need a good cry or a movie that can simply lift your spirit and will surely bring you joy and tears to it. This is an unforgettable movie that I will rewatch and for sure recommend to my friends, family and loved ones."
Adam A,Jan 22,3.5,"Creative plot and well done. The movie centers on a man who dies at an old age and he goes to ""heaven"" which makes him much younger. His wife then dies, and she has to decide, since she is young again heaven, whether to spend the rest of eternity with the husband she spent most of her life with, or her first husband who died 60 years ago in the war. Truly a creative plot, and well done."
ngct G,Jan 21,4.5,"Its a beautiful film with lots of heart. Very interesting concept for a film. I the relationships that were built, lost and found. Miles teller and Elizabeth olsen were amazing as couple, but the chemistry seems a bit off but enough to work.. Callum turner doesn't have much tondo in the film. Love it."
Richard Y,Jan 20,4,A heartwarming romcom in which the protagonist finally wisely chose the second husband with whom she grew old together and not the first for only a brief period before he died as she never had the chance to find out if they were compatible in the first place.
Cynthia M,Jan 19,5,"Loved this movie, it was really good!"
Luan F,Jan 18,5,"Eternity (2025) is a fun, sensitive, and engaging film that handles time, love, and choices with grace. The narrative is moving without being over-the-top, supported by strong performances and a contemplative atmosphere that stays with the viewer long after the credits. A beautiful and reflective experience."
David A,Jan 18,4.5,So cute and funny. Best romcom in a long time
Zion B,Jan 17,4,81%.
Richard G,Jan 17,4,I think it was a good movie. I liked that it tries to explore deeper feelings than what meets the eye.
Patrick S,Jan 17,5,Kind of predictable if you’ve ever been truly in love. That being said it didn’t stop me from crying at every turn. A truly Romantic journey with the feel of the sense of your own personal hell.
Jennifer W,Jan 16,1.5,Had funny moments but I had to make myself finish watching it.
John D,Jan 15,4,For a romcom it wasn’t bad
Sebastian G,Jan 15,3.5,"No smart phones, only archives."
Andrei D,Jan 14,2,"Does not know what it wants to be and has almost no actual humor, the actors try but they fail to find anything truly interesting in their characters"
Whaley T,Jan 14,2,The world-building was lackluster and nonsensical and the plot was exactly what I expected from the trailer.  Not a single surprise nor delight to be found.
Claire,Jan 13,3.5,Very good. Had me tearing up. Not what I expected tho. Not a as funny as I expected. But still very good.
MB C,Jan 13,3.5,"A thoughtful sci-fi drama that turns the afterlife into an emotional pressure test.....After death, a woman must choose one love to spend eternity with, transforming romance into an irreversible decision....The film’s strongest asset is its clear world building, where eternity is treated as a bureaucratic process rather than a reward.....Its emotional conflict favors quiet exhaustion over twists, questioning whether love is built on passion or persistence.....The middle section drags, and the finale plays it safer than the premise promises....Still, Eternity remains a sincere meditation on love as a lifelong  and endless choice...."
Nunya B,Jan 13,2,"How is this 90%??  Just how?  It's not funny, it's not involving, it's just pablum for sappy people who think heaven is real.  The only reason that I gave it two stars instead of one is that it was coherent.  Dull, boring and unfunny but coherent."
Christopher C,Jan 13,5,Beautiful and funny and suprising
Cameron G,Jan 12,5,"Absolutely loved it. It reminded me a bit of ""The Good Place"" tv show style of story. Very funny, very cute, I could figure a bit of the plot out as I was watching but in a satisfying way. Love this movie."
matthias s,Jan 11,4,"**★★★★☆**

*Eternity* is a well-made and ambitious film that stands out thanks to its strong cast and creative concept. I’m always a fan of Elizabeth Olsen and Miles Teller, and both deliver engaging, heartfelt performances that anchor the story nicely. The plot is inventive and imaginative, especially in its take on the afterlife, a theme I’ve always enjoyed. It blends drama and comedy effectively, with a strong romantic core that gives the film warmth and emotional weight. While there’s a slight sense of predictability at times, it doesn’t take away too much from the overall experience. Emotionally, it didn’t quite hit me as deeply as I had hoped, but it’s still a thoughtful and polished film. Ultimately, it’s an impressive piece of storytelling that, despite its flaws, managed to leave me unexpectedly moved by the end."
Joseph,Jan 11,5,"Really good and provided the RomCom genre a new, almost feel, to the genre. Very funny and clever writing. A good time that gave me and my wife great conversations after."
Sheree B,Jan 10,5,"This was such a refreshing rom-com. The storyline was interesting, it was genuinely funny, and the casting was perfect."
Rohit R,Jan 10,3.5,Loved it. Interesting concept.
Liz F,Jan 10,5,"Was constantly rewinding scenes over and over to watch each actor in a scene. The actors were giving it their all, and it pays off throughout the entire film.

The concept is original. The movie is always two steps ahead of the viewer, so you never really know how it's going to end. It keeps you guessing the whole time, but not in a frustrating way where you're uninterested by the middle of act 2.

Can't express enough how great this movie is!! Cast and crew did such great work! Hope this wins some awards!"
Jahnia,Jan 9,5,I love this I don't think it should have been a comedy it's more of a horror is very hard losing a loved one it's also hard getting remarried
Eliesha P,Jan 8,5,"I LOVE the casting choice of Miles Teller and Elizabeth Olsen in Eternity. This movie stayed with me in a way few films do. It’s one of those stories that quietly changes your perspective and lingers in your thoughts long after it ends. Joan feels painfully human. She’s torn between love, regret, and fear of choosing wrong. Larry represents steady, unconditional love, the kind that shows up every day and asks for nothing but honesty. That’s why I loved him so much, and why it hurt so deeply when Joan slept with Luke. It felt unfair to Larry, and it broke my heart. But it also showed how complicated love really is, and how even good people make choices that come from confusion and longing. This movie made me laugh, made me cry, and left me emotionally shaken. Eternity isn’t just about romance. It’s about choice, timing, and the weight of loving someone deeply. By the end, I felt sad, full, and strangely hopeful all at once. That’s what makes this movie unforgettable."
Kris I,Jan 7,1,"The positive ratings by the audience would almost make me lose hope in humanity (almost). So cliché, so empty."
David D,Jan 7,4,Very good romance movie. The pacing can be a little slow but overall I enjoyed this movie
Ted H,Jan 7,5,"I loved it. Unique concept, not a very predictable script, great mix of deep, sad, happy, and funny moments."
William R,Jan 7,4,a cute feel good movie! Makes you think a lot about life. Loved the actors and the visuals were aesthetically pleasing.
resli,Jan 6,5,"Great concept, the cast was fantastic!"
Tim M,Jan 6,4,"With an endlessly clever concept, Eternity makes the most of its screenplay thanks to a cast that's firing on all cylinders."
Lawrence B,Jan 5,5,"A nice spin on the ""afterlife"" comedy idea, I found this move unusually well-acted and moving."
Michael G,Jan 5,3.5,"Well crafted on the back of an interesting premise, without plumbing any of the real depths or asking any of the big questions inherent in the setup. Strong direction and performances hum along, kept intentionally light hearted and with humor injected any time the story starts drifting anywhere near the deep end."
James E,Jan 5,3.5,This is quite fun and an interesting take on the after life. The romances are entertaining and the acting is worth applause.
Travis,Jan 5,4,Overall it was a great movie.  Great funny moments but the ending was slightly underwhelming.
Blair F,Jan 5,2,"Liked it a lot more the first time, when it was called ""Defending Your Life."""
Scott C,Jan 4,3,"Billed as a comedy/romance, some reviewers called it a throwback to screwball comedy. I get the romance part; however, the attempted comedy was very flat and signaled by the actor's raised voices and animated expressions. Fine. The performances were capable enough, given the material they were working with. Yet, these are assuredly not improvisational actors, so therefore, no chances of saving the script from itself. The story was expectedly, predictably twisty (will she/won’t she choose one or the other), but eventually it turned sweet as the Olsen's Joan reflected on her life experiences and choices. Such nostalgia wrung a bit of sweetness by the end. ""I’m happy when you’re happy..."" said her husband Larry (Miles Teller). I could have (and should have) waited to watch on streaming, and I would have been happier. However, I’m doing my part to support cinema with limited theatrical offerings here in the Midwest, where ""culture"" is more commonly referred to as ""mildew in the bathtub."""
Alex M,Jan 4,5,"Best romcom I’ve seen in a long time with a unique concept. The laughter, the tears. Miles Teller and Elizabeth Olsen are phenomenal in this."
Lisa B,Jan 4,3,Acting was excellent but being a senior it hit home! Interesting concept.
Alec B,Jan 4,1.5,"Yeah its ripping off better movies and the arbitrary rules make no sense but its worth mentioning that this is much bleaker than people realize. If there is life after death we should hope that it's about transcending our worldly concerns not continuing them indefinitely in a single environment. I honestly cannot imagine anything more hellish, even an empty void of non-existence would be preferable."
Zoila N,Jan 4,2,Unlikable indecisive main character. Slow developing plot without a redeeming ending. Would not pay to watch.
Wayne A,Jan 4,5,"The kind of film my wife and I have been waiting for for a long time. A great storyline, funny and one to pull the heart strings. Every cast member is spot on and perfect for their roles. Should have a much higher score a hit for 2025! A must see."
Vanessa,Jan 3,5,Best romcom I’ve seen in a long time I was the loudest one crying in the theater. Truly beautiful
Sean H,Jan 3,5,Absolutely amazing movie! It followed a refreshingly new and simple plot that expanded into a magnificent journey of choice and love.
mine,Jan 3,5,"Great film, it was fun to watch. I cried at the end of the movie"
Chloe J,Jan 3,5,"This movie was so moving. I did not expect to be bawling  so hard, I really connected with the plot."
Natalia P,Jan 3,0.5,"LA PEOR PELICULA DE LA HISTORIA.
ELIZABETH OLSEN ES UNA....."
Lea,Jan 3,5,I laughed. I cried. Very well done
Mike V,Jan 3,3,"You can only choose one.

Eternity is a 2025 American fantasy romantic comedy film directed by David Freyne 😇

Not bad, but not my favourite either 😉
It’s ok, but I feel mixed about this one 😉
I’d recommend it if you like this genre, but if not then probably give it a miss 👍🏼👎🏼

In an afterlife where souls have one week to decide where to spend eternity, Joan is faced with the impossible choice between the man she spent her life with and her first love, who died young and has waited decades for her to arrive."
Deniella P,Jan 2,4,"somewhat a reality check, weirdly. there's a lot of realizations made, i really love the idea of it ! probably one of my comfort movies !"
Kenny G,Jan 2,1,Overlong and dull.  Nothing remotely makes sense.   Both husbands were lame.   I did not connect to a single moment.  I'd have chosen the void.   What were they going for?  I have no idea but they did not get there.  Just a terrible movie.
Kathy,Jan 1,5,"Great story line, funny and poignant, fabulous ending."
Sedale S,Jan 1,4.5,"Depressingly exciting, I honestly have never felt such overlapping and conflicting feelings watching a movie before. It’s beautifully done. Once the 3rd act happens, I kind of saw where the movie was heading, but still was satisfied with the ending."
Abigail L,Jan 1,5,"It was such a cute little romcom, the plot was wonderful and all of their acting was so good. Will definitely be watching again."
Kaitlyn C,Jan 1,5,It’s an absolutely beautiful and adorable film. It really reminded me of traditional fun romcom films.
Kory S,Jan 1,5,loved it. great film. expertly crafted
Giorgio G,Dec 31,4.5,"I am no sucker for romantic comedies as most are pretty much identical to the last 10.000. But as I like Miles Teller as well as Elizabeth Olson, I gave it a try. Wow! Fortunately this flick doesn't follow those downtrodden trails of most others and, having an absolutely beautiful and intelligent script, is, for most parts, rather a silly comedy with logical-illogical scenes which make you giggle and laugh. The romantic/sentimental part is very limited which makes this an extremely enjoyable movie, enlightening one's inner self, no matter how old you are. 9/10 points. Watch it with your partner, if you have one!!"
Eric W,Dec 31,5,"This movie really surprised me. It was so much better than I thought it was going to be. It was funny and clever and just kept getting better all the way to the very end. At each step you think about what you would do and what the right choice really would be. It's rare that a ""romcom"" also poses some deep philosophical questions, but this one did. All the while there are so many jokes. Make sure you're always paying attention to the things in the background - the witty jokes are everywhere. This movie has a lot of heart and I really loved it!"
Dustin B,Dec 31,4,"While undeniably cliched in its story, Eternity pulls through with its imaginative creativity, likable characters, and wonderful acting."
K,Dec 31,3.5,Fun premise and  plot. Great characters and kept you guessing.
Sofía P,Dec 31,5,"One of the best romantic movies of recent times, I really missed this vibe 😭"
AJ E,Dec 31,5,Fantastic comedic writing and hit me hard in the feels at the end. Most fun I've had watching a movie in a long time. Watched it twice. Wish they'd pop off a few followups with new stories if they could keep the comedic writing as inspired.
Steve,Dec 31,5,The beginning kind of threw me off but its a fantastic movie. I cant think of one thing I didnt like about it. Elizabeth Olsen and Miles Teller are such great actors. Not many movies that Id rewatch but this one Id definitely rewatch and I recommend to everyone.
Shivali P,Dec 31,4.5,Much deeper and more meaningful than face value and entertaining enough on a surface level too. Highly recommend this one and still think about it often!
tm11999 M,Dec 31,4,"the full house sister takes a whole movie to realize her 20 year old self screwing was really hot and great but it can't replace a 67 year love with the partner who was with her through everything life gave them together. also good to see her and the teller kid using their own money to produce and star in a very good sweet little story. go ahead, you an watch this."
Anthony M,Dec 30,5,Brilliant film !!!!!!!!!!!!!!!!!!! Nothing more to say........
Katrina,Dec 30,5,"Seriously such a good movie!!! Loved the story, the humor, the heart touching moments. Makes one rethink death and the after life a bit in a more positive direction. Feel like this movie deserves much more buzz than what it’s gotten! Highly recommend!"
Randal L,Dec 30,3,A little depressing and self absorbed
Kate P,Dec 30,2.5,"Elizabeth Olsens acting in this made it hard to watch. The constant loud breathing and random commentary like ""oh"" and gasps from her sounded so fake and way overdone. Other than that the actual story was great and getting past that, I loved the movie."
Belinda G,Dec 30,5,"I love this movie! Its entertaining, positive, family oriented, and just good story telling.  I hope there will be more movies like this! I think he movies are healing... yeaaaaah!"
Tùng L,Dec 30,4,I love the plot. Some of the lines felt a little bit cringe but the plot and the acting was good. The casts were good. The ending predictable but i love the way Joan choose.
Stephen K,Dec 30,3,"There was something missing for me but overall, an enjoyable movie"
Robert O,Dec 30,2.5,"A pretty straightforward movie. Completely predicatable and rather boring. Rather than being romantic, Milles Teller’s character is annoying to the point you don’t root for his character to win."
Ale V,Dec 30,5,"La mejor película dramática con el toque de comedia correcto y perfecto. Me identifiqué mucho y, aunque eso pudo afectar mi criterio, creo q logra conmoverte y envolverte en la historia."
Alejandra A,Dec 30,5,"One of the best movies I’ve seen in 2025, it gave it all and it even gave me a sense of peace. 

10/10"
Savannah M,Dec 30,5,Couldn’t stop thinking about it for days
Chris R,Dec 30,1,Boring and W O K E. I had hoped it would be much better.
Kelli D,Dec 30,5,Such a well written and thoughtful movie. Miles Teller is hilarious
Melissa W,Dec 30,5,This movie really make you think. The grass is not always greener on the other side
Katherine C,Dec 29,5,"One of the best movies I've seen this year; I laughed, I cried, but above all, I loved it.
This movie truly reflects what real and idealized love is; it's absolutely perfect, I highly recommend it."
Nickolas F,Dec 29,5,Exceptional movie that makes you rebelieve in the beauty of a well done romcom.
Angela,Dec 29,5,Exceptional movie! It was the first movie my fiancé and I watched after getting engaged and it couldn't have been a more perfect time.
Tyler W,Dec 29,1,"If you came to this movie for a fun romcom based on death and eternity of life after death you will leave unimpressed. It is literally the wife choosing a ""hunk"" husband over her lifelong 67 year husband, realizing shes wrong and then finding a way to make her lifelong 67 year husband accept sloppy seconds, again, after he was mocked their entire marriage for not being good looking enough for her with images of the ""hunk"" husband. Depressing commentary on what most men get. Their wives are run through in their 20s and then the men that loved them all along have to settle for a used up and worn out, full of baggage woman when she decides shes done and wants a family and kids. Gross."
Justine B,Dec 29,5,"Me and my man Cried a lot during this movie. Bravo!! This is what cinema is about. Honestly, A24 should do more of this kinds! Hits really close to home."
Matthew P,Dec 29,2.5,30 minutes too long and the absurd rules in this afterlife are far too simplistic and negate any kind of nuanced existence there... Worth a watch but it's not a movie you'll look forward to seeing again.
Sergio B,Dec 29,4.5,I found it a very moving film in which they make excellent use of pacing and references to the characters' lives. I liked the ending; it's simply very good amidst all the meaningless romantic films that Hollywood has been releasing lately.
Erin T,Dec 29,1,"Yikes. So much to work with and it failed so spectacularly. Campy and boring, terrible acting, zero charm. A wannabe Defending Your Life without the script, humor or wit. Waste of time and money. 

…next!"
Luke P,Dec 29,5,"I loved this movies. The acting was great and the story was great. This is the kind of romcom we have missed and have been needing!
Great acting and the directing was brilliant."
Susan R,Dec 28,5,Very enjoyable! Wonderful perspective on how lives intertwine over time.
grey g,Dec 28,4,"Not a fan of Rom-coms, but this quirky story is a merry ""what if"" ride.  The humour is subtle and, for me, there was only once i laughed out loud.  In a cinema landscape of reboots, sequels and ""play it safe"" movies, this one shines originality"
Joe P,Dec 28,1,"Could not finish it. Olsen is such a terrible actor! I've seen better actresses in my acting classes many years ago. Her appalling acting, and the story trying too hard to be cute and funny, all of which made me vomit in my mouth a little bit. I couldn't even finish it, it is so bad."
Christian M,Dec 28,1.5,"Miles Teller once again proves why he’s one of cinema’s most compelling actors, bringing naturalness, charisma, and a distinct identity to his character. Unfortunately, Elizabeth Olsen and Callum Turner don’t achieve the same effect. Olsen spends much of the film in a monotonous state of anguish and crying, which becomes tiring, while Turner’s character feels flat and underdeveloped.

The story struggles to maintain interest, with occasional humor and entertaining sequences unable to offset a repetitive, heavy rhythm. Each turn of the narrative offers only minimal changes, making the film feel long.

'Eternity' shines visually, with colorful cinematography reminiscent of Wes Anderson, though the set design fails to fully captivate. The script is solid but doesn’t connect.

Overall, it’s an uneven experience: irregular performances, a story that loses momentum, and visuals that can’t compensate for pacing issues. A24 experiments with style but doesn’t reach its usual heights here."
Alex C,Dec 28,5,"Sweet movie. Happy it turned out the way it did, but this is genuinely a nightmare for anyone in this situation."
Stephen D,Dec 28,1,Shallow and meandering.
Rachel R,Dec 28,5,Absolutely amazing movie. I sobbed!!!
Sydney S,Dec 28,4,Lovely movie but most of the jokes were a hit and miss for me.
Amanda G,Dec 27,3,"It was an ok movie for me. I know it's only a movie but if I was married to someone for a short time and they died and then married again and spent 20-40+years with them and had kids and we grew old together that's the person I'm going to choose for my forever afterlife. The way she was just so confused I guess is kinda understandable but come on now. I felt she was very selfish and the way she acted when the second husband gave his approval and she was just so happy like he didn't mean anything to her and basically got what she really wanted, but was too afraid to say. Then when she thinks all is good she realizes she made a mistake, well I'd say you did, plus the first husband has anger issues. In my opinion she doesn't deserve the second husband at all and deserves a miserable afterlife with nobody."
Dana D,Dec 27,5,This is a very special and very beautiful movie. Great cast. Great directing. Really made you think about life!
heather W,Dec 27,3.5,Original plot. Interesting storyline.  Great supporting characters
Brock A,Dec 27,5,Absolutely loved this movie!
Susie C,Dec 27,2.5,"The humor fell kind of flat. It had sweet moments, but I feel a lot of potential was missed here. And also, EVERYTHING would be horrible for an eternity"
Michel V,Dec 27,2,"It looked good but the acting didn’t catch on felt like one sketch after another. If you’ve seen a movie with them before and you liked it you’ll probably also like this one.The ending was also quite quickly predictable. It’s weird i thought that the partner of Dua Lipa looked great in pictures but as an actor he doesn’t have the same charisma, was curious about him because they suggested him as the new Bond and thought it would be a great fit."
Joe R,Dec 27,5,"Excellent and thought provoking interpretation of what the after life could be. Eternal life is what we make it. I liked how down to earth the movie is and the ending left me in almost tears. What a great film. Would make an excellent movie for Religion, English and/or Film Studies classes to analyze."
Teal L,Dec 27,5,Such a cute movie! I would 100% recommend for a feel good movie!
Darcel,Dec 27,5,"Sooo beautiful! Criedddd!! It’s so well written and the acting and the aesthetic of the locations are very nostalgic and déjà vu. The whole idea of her having to choose which partner to be with for eternity , the one she lost or the one who she spend the rest of her life with! It makes more sense for her to choose the one who she grew with, laugh, cried, argue, annoyed, and the most happy moments. The struggles they both went through in life. It’s very romantic."
Johnny B,Dec 26,5,"The point is: there are no reservations to be made about Eternity, because it's basically a very beautiful film. The cinematography is stunning and so perfectly integrated that it feels like a tight hug, while the on-screen chemistry between Olsen, Teller, and Turner is a feast of fun. The script is innovative and quite creative in what it holds up to, and the love story here has the ideal fantasy touch. It's such a good film that I'm at a loss for words, so just go watch it with some popcorn and soda and improve the rest of your day."
Donna,Dec 26,5,"Loved, loved this movie!  I'm not usually a fan of rom-com...but Olsen and Teller have been my favorites for a while.  Want to see more ..they are great together"
Sprite L,Dec 26,3,"I find it hard to believe that, out of the billions of people who have ever existed, this is a special circumstance."
Wendel L,Dec 26,4,"Direção: Bom
Atuação: Bom
Roteiro: Ok
Caracterização: Bom
Soundtrack: Ok"
Malik a,Dec 26,3.5,It was really good but had some potholes for me which were tolerable but really happy to see something other than sequel's or remakes
Dawn H,Dec 25,4.5,Eternity was a movie that I walked into expecting a simple rom-com i walked out of with one of the most well made with camera angles that showed vast scale of the world to silhouettes that turn dark shots into story beats and the opposite end of the spectrum using color that isnt used much in the current era of films my only issue was it felt as if there was too many fake out endings this is a must see for anyone who wants to see a well crafted love story and vibrant visuals
sebastian a,Dec 25,4,"It has its ups and downs, but that doesn't stop us, as viewers, from enjoying the film. While it clearly follows the rules of romantic comedy, it deviates enough from the beaten path to forge its own style, achieving a refreshing moment of romantic tenderness with a charming story. It's a sweet, spiritual, and somewhat witty take on the dreams that can arise in the afterlife.

One of the biggest surprises of 2025, this film brings justice to a genre that has often been denied its due. A love story that invites us to relive memories and enjoy all the ways of loving and experiencing each of the milestones that mark our lives."
R T,Dec 25,4.5,"Enjoyed this movie, much funnier than I thought it was going to be .... though they really should have just learnt to experiment with their relationship dynamic😅"
Renato T,Dec 25,5,Hands down the best movie of 2025!
Dawn M,Dec 25,4,Cute movie.  Makes you think about how you want to spend eternity.
Blake B,Dec 25,4,Very very pleasant little surprise definitely one of my favorites of the year
Gretch F,Dec 24,4.5,This was an unexpected winner. Very thought provoking and cute Da’Vine Joy Randolph added something special as well. I loved it
Lili T,Dec 24,5,"over time you find movies you want to see over and over again. This is one of them. I used to collect them on DVDs, now they are online for purchase. I will do both if I can. I LOVE this movie, it calls to my heart and my soul."
Les N,Dec 24,4,So how did she make it back? I don't got it?
Zohaib A,Dec 24,5,"Elizabeth Olsen, you are everything to me and Davine Joy Randolph, oh this movie NEEDED you. This movie was cute and really portrays the dilemma of love in a profound way! It was really heartwarming to watch."
JayzSuperMac,Dec 24,2.5,"Although the acting was pretty good and certainly the best part of the whole movie production, I didn’t care for the portrayal of the afterlife and the humanist ideology."
Matt,Dec 24,5,Miles Teller. Life after death. “Eternity is eternity. It’s forever.”
Janel,Dec 24,3.5,I really enjoyed the movie. Tear jerker for sure!
JAMES,Dec 24,4,Good rom-com that the wife and I thoroughly enjoyed!   I like that they didnt give everything away in the previews.
Taeke W,Dec 23,5,"Absolute must-watch. This romance/comedy/drama is going to become one of the classics in romance. The way that the mottos keep coming back in subtle ways, which you can tell, is brilliant. Top tier"
Ryan W,Dec 23,5,Terrific movie! Everything about it was amazing!
Mayank N,Dec 23,4,"A film about guilt, not choice. And that the life we live > the life we imagine."
Geoffrey D,Dec 23,5,This movie is not about the afterlife. It is about life. It is a metaphor for life. Which eternity do you choose.
Joe H,Dec 23,5,"Enjoyed it very much, interesting idea of the afterlife and I thought it had a great story."
Kornelia S,Dec 22,5,"Heartwarming movie, good choice to lift your mood"
Julianna,Dec 22,4,"The set design and costumes were stunning, acting was great as well!"
Teresa G,Dec 22,4.5,Great movie!  Brought tears to my eyes. Tough decision about life.
Graeme,Dec 22,0.5,"Utterly unoriginal and hokey.  The worst of shameless, derivative Hollywood.

Go find ""Afterlife"" (beautiful, thoughtful Japanese movie from late 90s).  Or if you want quirky chuckles, stream ""The Good Place"" series."
Kenneth T,Dec 21,5,I loved this movie... what a different take on the afterlife. Great acting and character development. Great JOB!
jaymie,Dec 21,4,Super fun watch and fun new concept
Heather,Dec 20,4,I thought it was supposed to be funny but it was really sad
Amber H,Dec 20,5,Very moving and touching. Good comparison on life long marriage and all the hard things but also all the joy and connection compared to the “what could have been” with a past partner. Lots of comedic gold.
Ann M,Dec 20,5,"There haven't been many movies lately that check all the boxes of being thoughtful, funny, sad, entertaining and just overall really well made! This one checked all of those boxes for me. The casting was excellent and the telling of the story had many unexpected layers.

I didn't want it to end... 2 hours flew by and I wanted to see more of their lives. The story pulled you in and made you feel invested and towards the end highlighted parts of their world you wanted to learn more about. I could see anyone loving this movie for the heartwarming characters and comedic afterlife portrayed! I'll never think of angels quite the same way."
Ant W,Dec 20,4,"Very interesting film, had just the right amount of comedy and pulled on your heart strings"
Mary,Dec 20,5,"So so good! Hilarious and emotional. Everything you want out of a movie. The cast did great, Ill for sure be buying!"
Dave J,Dec 20,5,"For me, this movie was in the category of, ""Yeah, I don't think this premise will work."" Well, after reading good reviews I decided to see it and I loved it. Very creative, fun, funny and at times touching. Loved the ending and even had tears well up when Larry had a revelation about Joan's hair."
Helen,Dec 19,0.5,This was a movie that pretended to have a plot and felt far longer than the 1 hour and 53 minutes that we endured watching it. Do not recommend.
Johnny S,Dec 19,5,Want a good love story. They made one.
Josh N,Dec 19,4.5,It is very original and it kept my attention.
Parker A,Dec 19,5,"An absolutely fascinating movie concept, executed perfectly"
Meiza M,Dec 18,5,"I can’t recall the last time I watched a romcom with not only plot twists, but plot twists that make sense!"
MyUna,Dec 18,5,I loved how vibrant every scene was and the originality of the archives. If I could bottle this movie up and drink it I would. The AC’s were very cute. I can’t wait to watch it again.
Bruce S,Dec 18,3,"Good, entertainming movie"
Yasmine Y,Dec 18,5,"Eternity is as heart-warming as Love Actually, but with a sweet philosophical twist that gently invites a deeper reflection on life and death. It truly sticks you to your seat, blending humour, tenderness, and quiet introspection in a way that feels effortless and sincere. The film balances joy with meaning, leaving you smiling while also lingering on the bigger questions of existence. What a joyful ride - uplifting, thoughtful, and emotionally resonates long after it ends. Gosh I adore a smart director and of course a fantastic cast !"
Anup,Dec 17,5,"I really enjoyed this movie.  Weve all seen a million reimaginations of death and all the craziest premises for romantic comedy, but this was much more clever and imaginative.  I wont give any spoilers only to say its been making me think a lot.  Well-done!"
Caroline,Dec 17,5,"One of the best movies I have seen this year! Olsen and Teller did absolutely phenomenal portraying their parts! They made it difficult to forget that they had lived whole lives and were both portraying their older and younger selves simultaneously. Both me and my husband got emotional at parts. Beautifully portrays, love in good and love through hardship"
Valerie L,Dec 17,5,"Original story, great balance of a rom-com. I loved the movie and would watch again, my 18 year old daughter really loved it too!"
Antonio,Dec 17,5,Great story with an exceptional blend of comedy and drama!
Karina M,Dec 17,5,"They don’t make movies like this anymore. In the vein of Defending Your Life, this movie does not rely on ironic genre subversion, but rather on the strength of its comedy, cast chemistry, and beautiful production design. So glad I saw it in theaters."
David,Dec 17,5,"This movie was so funny, heartwarming and entertaining! Honestly a perfect rom com."
Kevin O,Dec 17,4,Couldnt decide if it wanted to be a comedy or a depressing drama.
Bob E,Dec 17,4.5,"Fun & entertaining movie - well written, directed, and acted.  An interesting combination of comedy, romance, and a storyline that may leave some thinking about their lives and what is important."
Erik J,Dec 17,4,"I thought Eternity was sweet, romantic, funny and trippy.  Nice story and performances.  And the best part was the gorgeous Miles Teller, my new heartthrob!"
Andrew C,Dec 17,5,Excellent movie. A must-see for anyone who will ever die.
John s,Dec 17,1,"Save your $$$.  This movie is terrible.  Film quality and color was poor.  Story line was weak, and sound was just OK.  Only redeeming element was the acting , which was pretty good.  Also, actors took the Creators name in vain, gratuitously about 6 times!  Why is Hollywood so dead set on diminishing Gods name?"
SmokinHotAmy,Dec 16,5,"Interesting concept, likeable characters, plot twists.  Sparked some interesting and fun conversation in the car on the way home  about about the person and the life what each of us would choose .  Well written and well shot."
Vincent Y,Dec 16,5,I cried on this movie. It's one of the best eye opener
G C,Dec 16,4,"Original storyline that was fun to see unfold. Miles Teller did a great job in the movie and there were some fun twists and interactions, though the wife character was a bit annoying by the end. Better than average though and worth a watch."
Emma C,Dec 16,5,Loved this movie sooo cute. a must watch
BW,Dec 15,2,Even in the afterlife women have no clue what they want
Lauren F,Dec 15,5,LOVED this movie. Every aspect of it was so good. Actually funny but still heartwarming and takes a few twists and turns
Richard T,Dec 15,4,Interesting take on the afterlife. Funny and at times emotional. Worth a watch.
Nick .,Dec 15,5,Emotional rollercoaster with amazing character development and a great plot
Gianna C,Dec 15,5,Best movie I’ve seen all year.
Kaylee,Dec 15,5,"I loved this movie overall and thought it was beautifully done. That said, I do wish it would have pulled at your heartstrings a bit earlier on. I had some trouble connecting with the characters at first, but toward the end everything came together and I truly loved it. The ending made the journey worth it and left a lasting impression."
Jack C,Dec 15,3.5,"This movie was entertaining to watch for the most part, although some of it was kind of predictable. Kind of funny. Acting was pretty decent. I'd probably watch it again if someone else wanted. Nothing exceptional but at least it wasn't a waste of time. The ending did leave a little bit to be desired. If they were going to take it as far as they did, they probably should have taken it a little bit further. It does make me wonder how this movie would be perceived if the roles were reversed and the guy had to choose between two women in a similar situation."
Ivey,Dec 15,5,One of the best movies in a long time. Cried my eyes out majority of the movie.
Kim Z,Dec 14,2.5,Cute. A bit long seeming.
jacky l,Dec 14,4,It was really good! Slightly predictable but a very cute movie with great acting!
Joshua m,Dec 14,4,"It is a charming feel-good movie, if slightly talky. Yes you can predict easily what is going to happen. Still, it's a great take on that age-old question, ""Would we have made the same choices in life? """
Melinda,Dec 14,5,Unique concept and so cute. Well done
surfgirl,Dec 14,5,"Great story, my new favorite rom com. Makes you think about  what eternal love means."
KRDen,Dec 14,2.5,Acting and writing could be improved. The story was cute but couldve gone deeper. Having ACs and staff with poor attitudes was disconcerting. Saying JC and GD in vain so many times didnt help story line. The gay sexual references werent funny and didnt support storyline.
Pary,Dec 14,4,"This is one of those movies you’ll find randomly one day and thank yourself for watching it. It’s very cute, heart warming, emotional and hopeful. This will hit home for a lot of people and it will make you appreciate what it means to love and what it means to sacrifice. If you want something unique but still have those rom com story beats, this one is for you."
Lynne,Dec 14,3,It was entertaining but strange premise
Geoffrey S,Dec 14,4,Loved it. Great original idea. Terrific characters. Very heartfelt.
Jonathan N,Dec 14,5,"What an absolute romantic, comedic, philosophical treat! Excellent acting all around and a beautiful message"
Darin,Dec 14,5,Excellent storyline! Laughed and cried!
Kelly M,Dec 14,5,"Best movie I’ve seen in a long time! Full of beautiful thought provoking scenes, great actors, so entertaining! Highly recommend!"
Louis C,Dec 13,5,Favorite movie of the year!! There was never a dull moment and packed full of clever humor. Very fun film.
Howard,Dec 13,2,"Slow, weird plot. Somewhat boring."
MARYANN T,Dec 13,0.5,"When an older couple pass away, the wife must decide who she wants to be married to for eternity, her husband of over 60 years? OR, her first husband who died in a war shortly after they were married?  This is such an interesting theme, but the storyline fell completely flat. The afterlife was portrayed as a chaotic, disorganized place, and the guides were very strange. There was more than one reference to the practice of having group sex there,  which was disgusting. There were only 2 other people besides my husband and I in the theater. which says a lot about just how bad this  movie was."
Miguel C,Dec 13,5,"I actually liked this one a lot. Something that was nice to see is that, whereas most fantasy and sci-fi films today like to make heavy use of fantastic CGI visuals, the visuals in this film, while stunning, did not attempt to create imagery that was fantastic. In a lot of ways, the filming was more like a play than most films are today. It focused primarily on the story and the acting. The acting was very solid and the story line was compelling."
Craig,Dec 13,4.5,"Strong cast, warm laughs and a look at love from a different lens."
A. V,Dec 13,4,"Eternity is one of those rare films that stays with you because of the questions it dares to ask. It’s thoughtful, unsettling, and deeply engaging, inviting the audience to sit with ambiguity rather than offering easy answers. The more it lingers in your mind, the more rewarding it becomes. This is the kind of film that’s even better after you’ve watched it, when you realize you’re still thinking about it."
louise m,Dec 13,1,"While the concept is intriguing and the jokes are fun, I hated everything about what it had to say about love"
Leonie S,Dec 13,5,A great movie that pulls on your heart strings while making you think about your own eternity.
TF,Dec 13,4.5,A much better movie than expected. We thoroughly enjoyed it.
Matt A,Dec 13,4,"Eternity feels like a throwback to a bygone era of filmmaking something that could have been made 60 or 70 years ago yet it never feels dated. Charming and deeply romantic, this comedy drama thrives on the effortless chemistry of its leads and sharp, intelligent writing. Set within a thoughtfully imagined afterlife, the film poses an irresistible question: who from your life are you truly meant to spend eternity with? While the premise suggests a classic love triangle, Eternity elevates it with emotional depth, wit, and genuine insight, resulting in a romcom thats as smart as it is heartfelt. 8.5/10"
Key L,Dec 13,5,"This movie was better than I could have ever imagined. It pulled on my heartstrings in a way that I never knew was possible in a movie. I laughed and I cried a million times. I’d watch this movie a million times over. It gave me a new perspective on love and loss. 10/10 movie, it doesn’t get better than this."
Miguel A,Dec 13,5,"Amazing film. Funny, original, great cast, good characters, etc. Wouldn't change anything about it. We need more movies like this ."
Jake,Dec 13,5,The perfect mix of humor and emotion
Stoney T,Dec 13,3.5,It could drag a bit at times but what made the movie for me was the character interactions and the overall look of the movie. Definitely glad I saw it
Griffin B,Dec 12,4,i’m relieved to see Art Deco is the afterlife aesthetic of choice
Rafael F,Dec 12,3.5,"Cute film, I expected more deepness though."
Selene,Dec 12,5,This movie will make you laugh and cry so many times. Absolutely love!
Alessio C,Dec 12,4,"I actually liked this one. Funny, romantic, heartwarming, and surprisingly tear-jerking - and what matters is that it all felt convincing. Olsen, Teller, Turner all play people who are basically 1950s souls trapped in their younger bodies, and somehow it works. The acting is sharp, the humor is subtle (that ""1930s Germany afterlife - but 100% less Nazis"" line almost killed me), and the emotional hits land hard enough that I was nearly crying.

The middle does wobble a bit - pacing slows, jokes get corny, the acting shifts into overacting territory - but the final act pulls everything together. Suddenly the movie finds its rhythm again, reminds you why you cared, and closes on that beautiful, tear-soaked, heart-squeezing note.

8️⃣/🔟"
Jackeline,Dec 12,2,It has its funny moments but very boring and some parts of the movie are awkward.
Charles H,Dec 12,5,Eternity is a great movie. It takes a look at life and the afterlife in a somewhat non-traditional way. This movie is worth watching at least twice. When you think it is ending it isnt yet. And the Dean Martin music as the credits start to roll is wonderful.
Mirela P,Dec 12,1,"During this whole after life story, I waited for the humorous, unexpected turn, that would make this comedy humorous, not a version of hell for any sane person. I can see the parody, the old clichés and sarcasm pointing towards the hollowness of stories about the happy american family, or even the traditional ""happily ever after"" of children's fairytales (in case they deserve our sarcasm). Dark humour ? I'm a fan of it, but I fail to see it. Yes, the idea of chosen eternities... let's say could be interesting and the examples make it funny like hell. And yet hell is what our couple is offered. A reliving of the same reality (our world), tied for eternity to the same man is clearly a punishment. And who do we make fun of? Of stupid people? The recipe is too old. Since the banana peel. Could someone, please explain to me, why this movie is praised and respected? I love the actors. But to make fun of nothingness is stupid."
C S,Dec 12,5,Such a winner! Smart. Funny. Creative.
Joseph L,Dec 11,5,"An absolute masterpiece that deserves
more attention. Myles Teller did an amazing job in this movie."
Cyns C,Dec 11,4,"Eternity turns the afterlife into a funny, strange, and unexpectedly emotional love triangle. Miles Teller and Elizabeth Olsen anchor a story about choosing between two good loves, not good and bad ones, and the film blends heartfelt moments with quirky worldbuilding in a way that really surprised me. Video review: https://youtu.be/V7UGLMzsZj4 and livestream discussion: https://youtube.com/live/A7P-E_YfJng"
Leo O,Dec 11,1,This felt like an Eternity in hell
Gail N,Dec 11,4,"Not what I expected. But everything I wanted to see. I enjoyed every emotional rollercoaster that it put me on. The guys were quite the pair fighting over Olsen. 

Cinematography was good. I like movies with colors and props and backgrounds that are not just vibrant colors."
Juanma L,Dec 11,4,"Beautiful movie, sometimes a little bit slow but is worth to watch"
Isabella,Dec 11,5,Great movie! I wasn’t expecting to like it as much as I did. Would highly recommend.
Chloe,Dec 11,5,Such a fun film!! Very cute and clever. Love all the actors involved!!
North A,Dec 11,1,This movie was slow and never really entertained.  The story line could had been written more better.  I feel asleep for a few minutes from boredom.  Save your money.
Brandon M,Dec 11,3,"Movie was decent but not noteworthy, had a good ending."
Robert C,Dec 10,3,"it was funny at times. The movie doesn't really follow Biblical or theological standards. From a fiction standpoint, it does make one wonder about eternity with our soul and what may happen when we die. Otherwise, it seemed predictable with some preposterous scenes and background."
Ian W,Dec 10,4,"This was surprisingly very good. That’s not to say I expected a bad movie, but I didn’t think I’d be as invested in the story as I was watching this. It also helped that the pacing was on point, there wasn’t a wasted minute in this film and the actors all carried the material well over the finish line. The concept of a love triangle isn’t at all unique, but I loved how this one in particular was packaged. 

At first I felt a bit frustrated by the indecision on display in this film from our female lead played by Elizabeth Olsen, but once I put myself in her shoes, I instantly let go of that frustration, and supported the back and forth nature of the film. After all, this film is all about making a giant decision that will theoretically be permanent for all of eternity. 

If you were worried about it being too “feel good” don’t worry, it’s not that kind of movie. It’s serious at times, deeply emotional but has a funny spirit through and throughout. I would have like a bit more explanation on the bureaucracy that is in charge of the eternities, but, regardless, it’s 100% worth checking out."
Era,Dec 10,5,"What is not to like about the movie? Very cute and good film would recommend highly, as this is the type of cinema that is simple and romantic involving yearning and an emotional plot, intriguing moments and comedy 😎"
Gabriel,Dec 10,5,heart warming and full of comedy.
Brenda D,Dec 10,3,"Nice story, I thought the movie was just ok."
BotoSama,Dec 10,3,it was aight. kinda slow and predictable. the beginning was okay.
Missy,Dec 10,5,Laughed a cried a dozen times. . Such a good love story and creative theme
Jeremy J,Dec 10,4,"I like the personal conflict this movie brings up but in a way where you can smile about it and like the characters. I felt the emotions of it all along with the characters. I also loved the showcased ACs. They provided great comic relief. In a world of sequels, I enjoyed this more original idea."
Ethan,Dec 10,5,Top 10 favs for sure
Jack-Ryan J,Dec 10,5,Best romcom of the year!!!
STU L,Dec 10,4,"This film was thoroughly entertaining, interweaving a serious subject with hilarious comic moments. The premise is that a woman arrives at the afterlife and confronts both of her deceased husbands--the one who died young and the other the man with whom she shared over half a century. The comedy comes from the basic premise--that people can choose where they want to spend eternity--as representatives of the numerous eternities hawk their wares by handing out leaflets.

Several years ago I saw an Israeli film with a similar premise--a woman having to choose between her first lover and the man with whom she spent most of her life, but in that film the subject was treated more seriously. I wonder if the script writers for this film were aware of the earlier film."
Samantha A,Dec 10,5,AMAZING MOVIE!!! The best literally so good! they did am amazing job with the plot!
Ellie T,Dec 10,5,Crying from nearly the start. Funny and reflective.
Brianna-Violet,Dec 10,3.5,Very predictable but a fun watch with a few good laughs as well!
KB,Dec 10,5,"This movie made me laugh and cry several times. Great movie, loved it."
Sydney P,Dec 10,4,"This was laugh out loud funny. I did not expect it to be so hilarious. The plot was so original and unique, the cinematography was BEAUTIFUL and the characters were endearing, each in their own way. I felt that the right choice was VERY obvious, but they did make sure to break your heart at least a little no matter what choice was made. I have a few gripes with parts of the plot line and timing but otherwise, it’s the best romcom I’ve seen in years."
Daryl L,Dec 10,5,"The story was compelling, interesting and well thought out. It gives you an idea of what the afterlife may have waiting for us. Well acted and thought provoking.

The three leads completely sell the story and the supporting cast add to it and support the leads superbly.  A must see."
Kendra K,Dec 10,3.5,It was a good story but too long.
simone w,Dec 10,4,"Thought it was thought provoking and moving. Had some funny moments, and some heartbreaking ones. Interesting plot."
Yespat,Dec 9,5,Really good movie.  Makes one think but not too hard.  Very entertaining and kept my interest throughout.  Highly recommended.
L W,Dec 9,2,"The first 10 minutes of this movie were the most captivating when the old couple were in the car and at the party. After that it was slow, boring and badly acted. Just bad. Don't bother."
Lilia C,Dec 9,5,"Fue agradable ver la película, me recordaba aquellas películas como Chances Are (1989) o While You Were Sleeping (1995) con este toque de amor y esperanza que existe en el amor de tu vida."
Rob B,Dec 9,4,The storyline was unique and is an interesting take on what happens to us once we've left this life. It was well done and the roles were played well. Overall this was a good movie and would recommend it.
Justin B,Dec 9,3.5,"My wife and I enjoyed this movie.  There are some very predictable moments but definitely puts into question the marital contract of ""Till death do us part"".  Very enjoyable acting from our three main stars."
Jess,Dec 9,4,Knew right away the correct answer.
Sergio A,Dec 9,4.5,"The film has a pseudo experimental style that, rather than feeling pretentious, blends surprisingly well with romantic comedy elements that give it a charming sweetness. The supporting cast isn’t particularly strong, and some performances even feel uneven; however, this doesn’t significantly weaken the film, because the emotional and narrative weight rests almost entirely on Elizabeth Olsen’s character.

Olsen delivers a performance full of nuance, even within the lighthearted and unconventional structure of the film. She manages to convey vulnerability, humor, intimacy, and an emotional authenticity that elevates the entire project. It’s one of those performances that truly lingers long after the credits roll.

Unfortunately, this isn’t the type of film that typically enters the conversation during awards season. Otherwise, Elizabeth Olsen would undoubtedly be in the running for an Oscar or at the very least, a Golden Globe."
Degi D,Dec 9,3.5,Beautiful people & enjoyable story…
Griffith J,Dec 9,4,"A wholly unique romcom concept that is entirely engaging with the indecision & surprises the characters deal with. The whole cast is awesome but Olsen & Randolph have some of my favorite performances of the year. Genuinely funny with its natural, clever, & well written humor. I wish it was shot in more interesting ways & the pacing needs tightening up in the final act. Yet it has such a profound look at life, truly moving dialogue, & a tender, sacrificial approach to show that ordinary love is extraordinary."
Brian N,Dec 9,5,The movie pulled on my hopeless romantic strings. There was never a boring plot point and it was really entertaining. It makes you think about your future more and the people you’ll spend it with.
Mr H,Dec 9,2.5,Problem is that the movie ends up not following the rules it set out. If you change the rules just for these characters it makes them pointless. Nice concept but ruins it by not sticking with the rules at the end.
Wayne M,Dec 9,3.5,"Eternity is a sweet and entertaining film. It's a clever film with a unique construct, that mostly works. The film is a fantasy romantic comedy. It begins with elderly Larry and Joan on the way to a family gender reveal. When Larry chokes on peanuts he dies and 'wakes up' in the 'The Junction', the place that dead people frequent before they decide which Afterlife world they will inhabit. But he discovers that Luke is also there. Luke was Joan's first husband before he was killed in the Korean War. When Joan passes, she joins them there and it's a battle for her affection. Who does she want to spend her afterlife with? Her first love or her husband of 50 years. So ensues a fairly reliable comedy that works because of the leads in Elizabeth Olsen, Miles Teller and Callum Turner. It's a bright and fun film, but it also manages to have its moving moments as the film works towards its conclusion. A solid and reliable film that manages to provide enjoyable entertainment."
Tyler d,Dec 9,4,"Very simple and sweet story, but lack of imagination & world building held this back from being great."
Elizabeth T,Dec 9,4,"I thought it was humorous, clever, and sweet. It wasn't the most amazing movie in the world, but for what it is, I liked it."
Tyler G,Dec 8,3.5,Charming with a satisfying ending.
Angelo P,Dec 8,5,A truly beautiful well written romance comedy that has a lot of heart and will make audiences cry out a few years.
kyle,Dec 8,5,"Good movie, miles teller is such a good actor"
Victor C,Dec 8,4,"A very funny and entertaining romcom with a simple narrative. It is not very profound but really enjoyed the ast act. God, I wish more movies were like this."
Davide R,Dec 8,5,"A sweeping, beautifully restrained romance that feels both timeless and refreshingly genuine. Drawing on the elegance of classic love stories, the film uses its quiet moments as powerfully as its grand ones, letting emotion build naturally rather than forcing it. The screenplay is thoughtful and layered, blending nostalgic sentiment with modern sensitivity. Each scene invites reflection on love, on choice, on the small moments that shape entire lives."
muggins C,Dec 8,4,"Enjoyable film with an interesting concept. Joan and Larry were great characters not too sure about Luke.. Not exactly 'perfect' looking in my book... 

I'm still waiting to see what clown world looks like 🤡"
rob p,Dec 8,4,"Liked the idea of defining real love. 

Didnt like the simplification of heaven."
Pasquale M,Dec 8,5,I’m taking Larry all day… a beautiful love story about how the highs and lows of a relationship are what make it all worth it and the little moments.
Danny Z,Dec 8,5,NOT GOING TO LIE BUT I CRIED FOR MOST OF THIS MOVIE :( IT WAS TRULY CUTE AND ROMANTIC AND SOMETHING I WISH I COULD EXPERIENCE IN REAL LIFE. MADE ME THINK OF MY GRANDPARENTS AND THE BOND THAT LINKED THEM FOREVER. TRULY ONE OF MY FAVORITE MOVIES OF THE YEAR. BRING TISSUES THOUGH YOULL CRY
Nina,Dec 8,5,"Loved it!! Laughed, cried, and glued to my seat the entire way through. Watch this movie!!!!!"
Jaykeb G,Dec 8,4.5,"Eternity is heavenly. I was touched by its portrayal of love through memories and its full of life performances. Where I love this movie most is its use of creativity from its afterlife world building, a lot of good comedic physical gags were tossed around and I really loved its fresh original take on the afterlife. The movie also has such a pure hearted story with such well developed characters that gave me so much enjoyment watching parts of their story unravel while desperately waiting for the film’s anticipated conclusion, which this film has an emotionally stellar third act, but I do however wish the more emotionally driven scenes in the movie were more powerful. Some of the comedic timing isn’t perfect, but at the same time that also filled the movie with so much more life and made me walk out the theatre feeling warm and full of love. Definitely recommend this in theatres"
Michaela,Dec 8,5,Light hearted romance that really hits the nail on the head. Beautifully captivating. Miles teller was a good pick.
Caesar,Dec 8,5,"How great the cinematography was and the acting was phenomenal,!"
Madelyn M,Dec 7,5,"Eternity is a genuine feel good movie. The concept is creative, the story is easy to follow, and it leaves you with a warm, satisfied feeling by the end. It’s the kind of film that’s enjoyable from start to finish and puts you in a good mood afterward. I really loved it."
Rebecca,Dec 7,5,A must watch movie!!
jasmineasali,Dec 7,5,"One of the best movies I watched this year and one of my new favorite rom-coms! I laughed, I cried, and I walked away from the movie feeling like the story ended perfectly. My husband and I had tons of fun going over the movie together on our way home from the theater. Although I felt like the third act was a little rushed, it went in a direction I wasn't expecting. Not to mention the movie is just beautiful and visually appealing! Just an all around good movie and I wouldn't be surprised if it became a classic rom-com!"
B G,Dec 7,4,Very entertaining and funny.  Kept me engaged the whole time.  A light unique way in looking at death as we know it today as a new positive way in looking at eternity.
John,Dec 7,5,I thought it had a good story line and it was entertaining throughout the whole movie
Dave G,Dec 7,3,Really slow and not the comedy I anticipated
Tiffany,Dec 7,5,This movie was a sleeper hit!  A modern day The Notebook!
Anel M,Dec 7,5,"An original idea with a big eye-opening story. Loved this movie, I'm usually extra picky with romantic comedies, but this one brought out some happy tears. You must watch with an open mind though. Very interesting and fun concept of what happens in the after-life. Definitely a must-watch."
Anthony A,Dec 7,4,Would’ve gave this movie 5 stars if it didn’t push homosexuality so hard. Every 5 minutes there’s some gay joke or gay person involved in the scene.
abby f,Dec 7,5,"Look, everyone’s a critic nowadays and I’m no exception. But I was brought to tears near the end of this movie because it just felt so beautiful from start to finish. The way movies can capture a feeling, a life, love… this movie reminds me why film is so important. It may not be everyone’s cup of tea but it brought tears to me and my partners eyes and made us feel so grateful for the life we have and are building. I’m very grateful to have experienced such a wonderful work of art."
Subhangi B,Dec 7,3,I liked the concept but there's a certain horror with the afterlife this movie presents and it's never addressed. Questions about the system linger in the back of your mind that stops you from being satisfied with the ending. I thought the movie would eventually tackle the horror of the system but it just brushed past it in service of the romance.
Mico N,Dec 7,4.5,"Sweet, charming and heartwarming, the ROMCOM OF THE YEAR with stellar performances from Miles Teller and Da'Vine Joy Randolph, with Elizabeth Olsen commanding every scene."
T L,Dec 7,5,This movie was comical as well as a heart felt drama. Love the originality of the film .
Nataliya O,Dec 7,5,Wow! Just wow! Really makes you think about your choices in life. Really makes you enjoy the moments in life that are not always guaranteed.
JoAnn C,Dec 7,0.5,We thought it was dumb and some of the audience that we met outside after the show agreed
Zach W,Dec 7,3.5,"Austin Film Festival Screening #6:

Though the premise is one that feels familiar, Eternity is the latest A24 film to succeed in delivering compelling characters of depth and an unapologetically emotional premise. Directed by David Freyne, Eternity builds a story around the concept of what happens to one’s soul after death. Constructing multiple romances that feel genuine, it’s actually the comedy of Eternity that left me impressed. Though the plot of the film is extremely simple, it’s the performances of Eternity that elevate this script and screenplay. 

Miles Teller, Elizabeth Olsen, and Callum Turner are a talented trio whose performances capture a charm and playfulness. While these three truly showcase their talent throughout Eternity, it’s the supporting performance from Da’Vine Joy Randolph that’s my favorite. From the film’s opening act, there is no secret to the direction that Eternity is heading. In fact, it’s the predictability of the film that makes it slightly less exciting or interesting. Of all the films I have seen at Austin Film Festival, Eternity is the definitely the most accessible and straightforward. 

Overall, Eternity doesn’t deliver too many surprises but the film never feels boring or repetitive. Elizabeth Olsen is genuinely so good in the role and her chemistry with Miles Teller and Callum Turner feels genuine. A fantastical glimpse into love, devotion, and commitment, Eternity delivers constant laughs from every character."
Tamara P,Dec 7,5,"We need more movies like this - original script, great acting (comedic and romantic) by the cast and thoughtful film for all ages. Lots of older couples in the theatre enjoying this film and ladies laughing and chatting all about how much fun the film was in the bathroom afterwards. Long live the Rom Com and feel good movies!"
Gregory,Dec 7,5,The movie was good and hilarious. The actors were brilliant. It’s worth seeing in theaters. 👍❤️😀
Kelly W,Dec 7,5,This was an original story and done so well. Another A24 winner!
Hong K,Dec 7,4.5,Quite possibly the best romantic love story Hollywood has ever told
Nancy K,Dec 7,4.5,Had no idea what this movie was about but my daughter wanted to see it and I’m glad went. We both enjoyed it and laughed a lot! It was an original story with many twists and funny moments but it was  also very touching.
J C,Dec 6,1,"Just awful. The main lead (who they pretend is super handsome) just isn't. He's absolutely weird looking and not at all the kind of young romantic lead that would be credible. The woman who is prominent (the chaperone) in the movie is humourless and we all know why she's in the movie. This is Hollywood at its worst. PC nonsense, not deep, not emotional just low brow to appeal to people you would want to spent time with. Avoid."
Angel R,Dec 6,4.5,"It’s funny, it’s sad and it was original. I love this film very much."
Shannon B,Dec 6,2.5,I sometimes wonder what people are thinking when I read amazing reviews and then see a mediocre movie. Its not that funny and its not that romantic. An ending you see coming the whole time.
Mike B,Dec 6,2,"Ok story, nice message, but pretty forgettable."
Bruce M,Dec 6,4,Very Disturbing at times. Great acting but kind of makes you look at your own Life and mistakes you feel tou may have made in that Life !!
Chase,Dec 6,5,If you're a hopeless romantic bring tissues you'll love it 😍
J,Dec 6,5,Worth the watch. I think it should have more show times for people to see it.
ROBERT G,Dec 6,1,"Slow and boring! We left the theater
after one hour. Huge disappointment.
Dont waste you money is this one!"
Grace,Dec 6,4.5,Such a great rom-com. Loved the old time feel. You may think you know how it ends but do you?
T J,Dec 6,5,This is a really enjoyable movie with an even happier ending!  Great story!
Guilherme M,Dec 6,5,"sincere, funny and beautiful. 10/10 romcom"
Tens,Dec 6,2.5,"Was kind of predictable , the ending gave me a little cringe . But each to their own."
Cory B,Dec 6,0.5,"This will sound harsh, but it is legitimately what happens in the movie. I’m really not exaggerating.

It tells men to be cucks and women that they can do whatever they want and there will not be consequences.

One of the worst movies I have ever seen. When looking for my future wife, I will ask women if they have seen this movie and what they thought. If they liked it, I will run the other way."
Diana F,Dec 6,3,At least it was an original idea. Didn’t really leave me warm and fuzzy but it didn’t leave me feeling empty either.
Trenten H,Dec 6,5,Beautiful story of love and regrets and second chances and how there truly is no one way to live life or love. A true must see for fans of beautiful and powerful love stories.
Larry,Dec 6,5,"Just an excellent movie.  Fun story with amusing visuals, well acted, and a not-too-predictable ending."
zackshack Z,Dec 6,4.5,"A nearly perfect movie.  This is a beautiful story about love, relationships, and the afterlife.  Larry and Joan are married for 65 years and pass away within a week of one another. Both find themselves in the afterlife at a stop-over while they make their decisions as to where they will spend their eternities. Enter Joan's first late husband, Luke, who died in the Korean War and had been waiting for Joan for 67 years. They're love triangle plays out as the men vote for her attention and choice.  Also onboard are their individual Afterlife Coordinators. Randolph, once again, shines here. Equally sweet and funny, it does slow down in the final act a little. Eternity, is one of the best movies of the year!"
Lisa,Dec 5,5,"This is a very good movie! Especially if you believe in the afterlife Very ingenious script and it really made you think at the end what would you do in the woman's situation? All in all very good, entertaining, fun at times and really kept my attention throughout the movie."
wheresmylarry,Dec 5,5,changed my entire understanding of love
Eric R,Dec 5,3,"David Freyne’s “Eternity” is a delightful and heartwarming film starring Miles Teller, Elizabeth Olsen, and Callum Turner, that presents an amusing narrative about a deceased woman at a post-life waystation who must choose between her two husbands.

In an afterlife where souls have a week to decide their eternal destination, Joan (Elizabeth Olsen) faces the impossible decision between her life partner (Miles Teller) and her first love (Callum Turner), who has waited decades for her arrival.

Despite feeling more like a play at times and a little predictable, this romantic comedy captivates with its creative and ever-evolving afterlife. The film remains light-hearted and humorous, yet deeply moving, encouraging viewers to find paradise in the present and cherish those we love.

Overall, “Eternity” is a beautifully crafted and entertaining world that unfolds parallel to a captivating love triangle story. Each character delivers a standout performance, particularly Elizabeth Olsen. It’s a delightful cinematic experience, with a good message. Despite feeling small, this is one of the purest and sweetest movies you’ll encounter this year. ⭐️⭐️⭐️

“The right person... would be right for any eternity!”

Larry"
ESTRELLA C,Dec 5,5,"It was so honest. I think we forget that people choose people. And its hard to be honest with yourself especially when thinking about an eternity, forever,  the one, the last choice youll ever make all on your own. I loved this movie. I havent seen a good rom-com in ages. This one felt good to watch and beautifully directed. The actors were hot, new/old faces. 10/10 for me!"
Kurt v,Dec 5,4.5,Well-acted and very original story. It was heart-warming and enjoyable.
Dale C,Dec 5,2,Sweet story. Good actors. A little on the cheesy side. The set decoration was high school quality. I guess they had a low budget
Michael,Dec 5,4,"Funny, a little too long, but well-acted and entertaining."
Mirza M,Dec 5,3.5,"'Eternity' is a sweeping afterlife romance that seamlessly blends comedy, imagination, emotion, and philosophy."
"Purugganan, A",Dec 5,5,"For many years of romcom films, Eternity did match the genre and theme of making an impact on its audience. It was worth the film to laugh and cry about. The authenticity of Elizabeth Olsen connecting with her character having a struggle of choosing the right decision shows the dilemma even in the afterlife. It shows that even in death, there's still a possibility of remembering, mesmerizing the life we could have, what we've been yearning for years. To feel, hope, and wait for the right choice that we can make for ourselves that will be part of others is the most beautiful part of being a human and I felt it while watching this masterpiece."
Aaron P,Dec 5,5,"For me, it's one of the best films made this year. I rarely watch rom-coms, but Eternity really moved me and made me think about the love we give to others and how others give it back to us. I don't know if I fully believe in the afterlife and if we really have to wait a week to choose our Eternity, but it's worth believing in, and if it truly exists, it literally reassures me."
Khoa N,Dec 5,3,Elizabeth Olsen overacts per usual. Neither man can act well enough to pretend to be attracted to her.
Glen,Dec 5,4.5,A really cute comedy. Perfect date night show.
Facebook U,Dec 5,3,Entertaining movie with heart. Did not like the way religion was portrayed.
Barbara M,Dec 5,5,"One of the sweetest story’s I’ve seen in forever.  With one impossible decision Elizabeth Olsen is a masterpiece. I laughed, and it all made you wonder."
juju,Dec 4,5,I loved it. Made me cry. Girls choose guys for long term marriages wisely. Yes guys could be sexy and tall but not every one would care about your needs.
David H,Dec 4,4,"This movie was pretty good, it’s unrealistic in the long run, but it’s fun. The entire scene with the pillows and squatting is pretty funny. It has a good feel to it as well, a happiness one."
Robert,Dec 4,4.5,A unique story about a love triangle
khoi P,Dec 4,4.5,"The movie was good, the concept of the movie is pretty cool. We were entertained the whole time."
Daja,Dec 4,5,Loved it! So funny and cute and really showed the stages of life
Aaron T,Dec 4,5,"Wow, this film exceeded my expectations. I was laughing, crying, and pondering. I loved the outcome of Joan’s decision. I would re-watch this over and over. Honestly if I could wipe my mind and watch it like new, I would."
Jay-D,Dec 4,5,"This movie was funny, charming, and kept me engaged the whole way through. I went in knowing nothing about it, and I was pleasantly surprised."
Meghan W,Dec 4,4.5,"Thought this would be an elevated RomCom, but was absolutely floored after watching this. The dialogue with my partner after the film lasted for hours. Phenomenal film!"
lena l,Dec 4,5,best romcom in a while
Caleb P,Dec 4,5,"Eternity gives you exactly want you want in a romantic comedy and then some more. Just when you think the movie is over, you are hit with a major third act. The intensity I felt through the film, especially towards the end, was unexpected but it gave it a little something special that other romantic comedies don’t have. Elizabeth Olsen gives my favorite performance of the year. Miles Teller and Callum Turner both deliver and show their chemistry with Olsen so well. Da’Vine and John Early had me laughing super hard."
Kyle,Dec 4,5,"Great exploration of ideas about the afterlife.  Made the characters seemed as if the best era of their youth was the 1950s and 1960s.  Makes you think about hard decisions, and the what if?

If you could have a do-over, would you want it for eternity?"
Spencer P,Dec 4,4,"A cute, thoughtful, and perfectly cast romcom set in a new vision of the afterlife, Eternity is a really good date night movie about thinking ahead in your love (after)life."
Vince Q,Dec 4,1.5,"Farcical comedy centered around the existential dilemma posed by a promise of eternal life with the partner you didn’t choose during your lifetime.   

Nostalgic and unfunny, this tired concept, tired script and tired acting hammers you for nearly two hours, as Miles Teller and Elizabeth Olsen are squandered in roles that smack of dusty 50’s situational comedy."
Al P,Dec 4,5,A lovely film and great story.   I'm glad films like Eternity are still being produced.    Highly recommend this heartwarming film.
Moises P,Dec 4,5,"I recently watched Eternity, and I was genuinely surprised by how much it stuck with me after the credits rolled. It’s one of those movies that starts off slow and subtle, but before you know it, you’re completely pulled into its world. The film balances emotion, mystery, and visual storytelling in a way that feels thoughtful rather than forced, and by the end, it felt like I had gone through an entire journey with the characters.

One of the strongest parts of Eternity is the atmosphere. The cinematography is beautiful—every frame feels intentional, with lighting and scenery that match the emotional tone of each scene. Whether it’s a quiet moment between characters or a dramatic turning point, the visuals always enhance what’s happening instead of distracting from it.

The acting was another highlight. Every character felt believable, and the performances had real depth. Even the smaller roles added something meaningful to the story. The lead actor especially stood out, bringing a mix of vulnerability, strength, and complexity that made the character feel truly human. You can tell the cast fully committed to their roles.

The story itself is emotional without being cheesy. It deals with themes like love"
ZacD,Dec 4,5,"a great film, tender and funny. the whole family loved it and would see it again."
michael p,Dec 4,3,Parts of the show were kind of slow and what was happening was not to exciting or interesting. I would have liked to see more of a widespread story line. Seemed to keep repeating the same basic relationship situations.
Dave P,Dec 4,3,Cute idea that fell flat at least for us.
Charjoyful,Dec 3,5,"This moving was really good.  It dealt with how one makes long lasting decisions . The dialog was entertaining and smart.   I awoke the next morning thinking about it.  How could the plot been played out differently.  How I could relate to the women in making her choices.  I and people next to me in the theater were somewhat confused at the ending.  But then maybe that is what the writer wanted.  For use to think about it.   Anyway, Trever, you put together a great creative movie."
Praveen,Dec 3,4,"I loved the movie. It is a good humorous, romantic drama, with some interesting concepts of how after life could be. The movie also offers some good and meaningful dialogues."
Bob,Dec 3,5,Really an original idea. Well made.  Light hearted comedy with deep thought and emotion.
Bernard D,Dec 3,4.5,My wife and both really enjoyed this movie (we typically have very different tastes).  A really unique take on an afterlife plot with a but of rom com thrown in for good measure.  Cast is also excellent.
Chris G,Dec 3,5,LOVED IT… cried and laughed
Trevor D,Dec 3,4.5,Very unique rom-com. Great performances and some very impressive writing for a under the radar film. Love how A24 let's film-makers make their movies and they don't shove studio junk down their throats.
Steven E,Dec 3,4,Touching story about the different paths life can take you down.
Heejeong K,Dec 3,5,"""Sometimes doing the right thing feels terrible."""
Charles R,Dec 3,5,I really liked it! Story was good and was very satisfied with ending 🙌🏻definitely recommend especially if you watch with your partner 😃
Paulina,Dec 3,5,I found my new favorite movie 3
Tyler C,Dec 3,5,"Absolutely loved it. What a thinker. You cannot walk out without your mind just going over all of the implications of each plot choice, and then applying the “what if” scenarios to yourself. Plus it had a lot of laugh out loud lines!"
